{
  "project_info": {
    "project_number": "714798551821",
    "project_id": "habits-app-7c403",
    "storage_bucket": "habits-app-7c403.firebasestorage.app"
  },
  "client": [
    {
      "client_info": {
        "mobilesdk_app_id": "1:714798551821:android:ca8f1e1fd2addacdf59644",
        "android_client_info": {
          "package_name": "com.example.habit_app"
        }
      },
      "oauth_client": [],
      "api_key": [
        {
          "current_key": "AIzaSyArWsx9IoQQXg32h0Ava0dONfyuZ5zLCbM"
        }
      ],
      "services": {
        "appinvite_service": {
          "other_platform_oauth_client": []
        }
      }
    }
  ],
  "configuration_version": "1"
}